PR,T_hot_C,hot_fluid,orc_size_MW,bc_type,orc_fluid,eta_br_%,W_br_kW,T_exh_br_C,T_bot_in_C,Q_avail_kW,eta_bot_%,W_bot_kW,eta_comb_%,W_comb_kW,gain_pp
3.0,600,Air,1.0,ORC_R245fa,Toluène,23.96392087297826,56.50035692568596,190.26683682240503,189.66846721841245,176.46096189862325,17.821752291963936,19.929427775371845,32.416738806162456,76.42978470105781,8.452817933184194
3.0,600,Air,2.0,ORC_R245fa,Toluène,23.96392087297826,56.50035692568596,190.26683682240503,189.66846721841245,176.46096189862325,19.510681137030925,21.640177526664257,33.14233195112896,78.14053445235022,9.178411078150702
3.0,600,Air,5.0,ORC_R245fa,Toluène,23.96392087297826,56.50035692568596,190.26683682240503,189.66846721841245,176.46096189862325,21.102935306949107,23.417705643911372,33.89624830615713,79.91806256959734,9.932327433178875
3.0,650,Air,1.0,ORC_R245fa,Toluène,26.82539272565276,68.05674558876112,196.49268920541493,195.87739330497186,182.8351643834078,18.297356109465746,21.180306680697967,35.17386780838309,89.23705226945908,8.348475082730333
3.0,650,Air,2.0,ORC_R245fa,Toluène,26.82539272565276,68.05674558876112,196.49268920541493,195.87739330497186,182.8351643834078,20.023120951001513,22.979500429222075,35.883041872998795,91.03624601798319,9.057649147346037
3.0,650,Air,5.0,ORC_R245fa,Toluène,26.82539272565276,68.05674558876112,196.49268920541493,195.87739330497186,182.8351643834078,21.65310566130532,24.848394164771037,36.61968903390701,92.90513975353215,9.794296308254246
3.0,700,Air,1.0,ORC_R245fa,Toluène,29.305459760524023,79.6295477075943,202.78357997549477,201.49294313313277,189.28272253148944,18.713330848735797,22.45326009959419,37.56876313576702,102.08280780718849,8.263303375242998
3.0,700,Air,2.0,ORC_R245fa,Toluène,29.305459760524023,79.6295477075943,202.78357997549477,201.49294313313277,189.28272253148944,20.471961884967797,24.345627084512543,38.26519663470274,103.97517479210684,8.95973687417872
3.0,700,Air,5.0,ORC_R245fa,Toluène,29.305459760524023,79.6295477075943,202.78357997549477,201.49294313313277,189.28272253148944,22.135656748553572,26.309539520814845,38.9879604646141,105.93908722840914,9.682500704090074
3.0,750,Air,1.0,ORC_R245fa,Toluène,31.472493818011245,91.21517654854426,209.13569198128982,207.80181157436084,195.80009114640904,19.1649719190201,23.765636431230465,39.67248721784796,114.98081297977473,8.199993399836714
3.0,750,Air,2.0,ORC_R245fa,Toluène,31.472493818011245,91.21517654854426,209.13569198128982,207.80181157436084,195.80009114640904,20.96000302334864,25.751597539485097,40.35771473225277,116.96677408802935,8.88522091424152
3.0,750,Air,5.0,ORC_R245fa,Toluène,31.472493818011245,91.21517654854426,209.13569198128982,207.80181157436084,195.80009114640904,22.661089369774494,27.81171072224392,41.068527360831894,119.02688727078818,9.596033542820653
3.0,800,Air,1.0,ORC_R245fa,Toluène,33.37969746430888,102.81064311680973,215.54507211826603,214.16755827988402,202.38358142111147,19.604209699353103,25.106689543965917,41.53112688738664,127.91733266077564,8.151429423077754
3.0,800,Air,2.0,ORC_R245fa,Toluène,33.37969746430888,102.81064311680973,215.54507211826603,214.16755827988402,202.38358142111147,21.435386436691065,27.18888752460102,42.207157466977776,129.99953064141076,8.827460002668897
3.0,800,Air,5.0,ORC_R245fa,Toluène,33.37969746430888,102.81064311680973,215.54507211826603,214.16755827988402,202.38358142111147,23.173668391448523,29.3476937324846,42.90806056337562,132.15833684929433,9.52836309906674
3.0,850,Air,1.0,ORC_R245fa,Toluène,35.06908305802551,114.41350688227354,222.0077587989432,220.58624863170297,209.0294855632351,20.030672251823624,26.475373248953606,43.1840957760181,140.88888013122715,8.115012717992581
3.0,850,Air,2.0,ORC_R245fa,Toluène,35.06908305802551,114.41350688227354,222.0077587989432,220.58624863170297,209.0294855632351,21.89767510046198,28.656577465110093,43.852660475303246,143.07008434738364,8.783577417277733
3.0,850,Air,5.0,ORC_R245fa,Toluène,35.06908305802551,114.41350688227354,222.0077587989432,220.58624863170297,209.0294855632351,23.672895017548967,30.91669780284734,44.545413892317164,145.3302046851209,9.476330834291652
3.0,900,Air,1.0,ORC_R245fa,Toluène,36.574255714606295,126.02180766081327,228.51988526856456,227.05404219894484,215.73416617938085,20.443995524725143,27.87069423382696,44.662934307403205,153.89250189464022,8.08867859279691
3.0,900,Air,2.0,ORC_R245fa,Toluène,36.574255714606295,126.02180766081327,228.51988526856456,227.05404219894484,215.73416617938085,22.34643371711989,30.153819210485167,45.325546582807576,156.17562687129845,8.751290868201277
3.0,900,Air,5.0,ORC_R245fa,Toluène,36.574255714606295,126.02180766081327,228.51988526856456,227.05404219894484,215.73416617938085,24.15826533079624,32.518023763841875,46.01168990594443,158.53983142465515,9.437434191338134
3.0,950,Air,1.0,ORC_R245fa,Toluène,37.92240176648906,137.63399716873172,235.07772625773657,233.5672390729037,222.49411770438996,20.843818768431312,29.291738468496668,45.993177138067196,166.9257356372284,8.070775371578131
3.0,950,Air,2.0,ORC_R245fa,Toluène,37.92240176648906,137.63399716873172,235.07772625773657,233.5672390729037,222.49411770438996,22.78122297113615,31.67986565718082,46.6511796707389,169.31386282591254,8.728777904249835
3.0,950,Air,5.0,ORC_R245fa,Toluène,37.92240176648906,137.63399716873172,235.07772625773657,233.5672390729037,222.49411770438996,24.629263397564642,34.151096760706814,47.33207988938813,171.78509392943855,9.409678122899074
3.0,1000,Air,1.0,ORC_R245fa,Toluène,39.13573736228611,149.24887190526286,241.67773112133068,240.1223127803404,229.30600574307678,21.22977710722793,30.73769522146987,47.19571364185906,179.98656712673272,8.059976279572956
3.0,1000,Air,2.0,ORC_R245fa,Toluène,39.13573736228611,149.24887190526286,241.67773112133068,240.1223127803404,229.30600574307678,23.201590433956586,33.23409838746742,47.850315431525345,182.48297029273027,8.714578069239243
3.0,1000,Air,5.0,ORC_R245fa,Toluène,39.13573736228611,149.24887190526286,241.67773112133068,240.1223127803404,229.30600574307678,25.085350519001555,35.81549740324119,48.5272046610313,185.06436930850404,9.391467298745193
3.7567,600,Air,1.0,ORC_R245fa,Toluène,21.229623361578877,54.856791968344425,213.93474138523868,212.56819026932823,200.72880109844078,19.495391105549757,24.768200833985784,30.81493734335329,79.62499280233021,9.58531398177441
3.7567,600,Air,2.0,ORC_R245fa,Toluène,21.229623361578877,54.856791968344425,213.93474138523868,212.56819026932823,200.72880109844078,21.317542828809692,26.826042444333748,31.611323729758865,81.68283441267818,10.381700368179988
3.7567,600,Air,5.0,ORC_R245fa,Toluène,21.229623361578877,54.856791968344425,213.93474138523868,212.56819026932823,200.72880109844078,23.046531122440957,28.95989118999594,32.43712493970069,83.81668315834037,11.207501578121812
3.7567,650,Air,1.0,ORC_R245fa,Toluène,24.60752134662383,68.40805692129368,219.81834425148753,218.41173906219177,206.77712986982522,19.88802545442266,26.009877363784454,33.963708925358674,94.41793428507813,9.35618757873484
3.7567,650,Air,2.0,ORC_R245fa,Toluène,24.60752134662383,68.40805692129368,219.81834425148753,218.41173906219177,206.77712986982522,21.742962944926614,28.15730974694123,34.736176242618676,96.5653666682349,10.128654895994845
3.7567,650,Air,5.0,ORC_R245fa,Toluène,24.60752134662383,68.40805692129368,219.81834425148753,218.41173906219177,206.77712986982522,23.505734719308204,30.382894811120757,35.53675638537198,98.79095173241444,10.92923503874815
3.7567,700,Air,1.0,ORC_R245fa,Toluène,27.53974949722674,81.98360648165055,225.76554588606894,224.31845365913227,212.89740317387518,20.271171157303478,27.278587581150965,36.70311155048309,109.26219406280151,9.163362053256346
3.7567,700,Air,2.0,ORC_R245fa,Toluène,27.53974949722674,81.98360648165055,225.76554588606894,224.31845365913227,212.89740317387518,22.15870578395796,29.51832955511594,37.455480658753835,111.5019360367665,9.915731161527097
3.7567,700,Air,5.0,ORC_R245fa,Toluène,27.53974949722674,81.98360648165055,225.76554588606894,224.31845365913227,212.89740317387518,23.95512932530137,31.838255291154915,38.234784916818924,113.82186177280548,10.695035419592186
3.7567,750,Air,1.0,ORC_R245fa,Toluène,30.105793517776092,95.57842713167582,231.77283116026905,230.28484286153952,219.0863278979169,20.644368110592616,28.57361505228742,39.10606042565758,124.15204218396325,9.000266907881487
3.7567,750,Air,2.0,ORC_R245fa,Toluène,30.105793517776092,95.57842713167582,231.77283116026905,230.28484286153952,219.0863278979169,22.564243966785188,30.908516594214404,39.841519941106064,126.48694372589023,9.735726423329972
3.7567,750,Air,5.0,ORC_R245fa,Toluène,30.105793517776092,95.57842713167582,231.77283116026905,230.28484286153952,219.0863278979169,24.394122361817136,33.32552055927843,40.60284050776089,128.90394769095425,10.497046989984792
3.7567,800,Air,1.0,ORC_R245fa,Toluène,32.36755306586622,109.1882788824795,237.83651686828517,236.30724853793942,225.34043183306233,21.00714590974151,29.894237463091084,41.22934049720441,139.08251634557058,8.861787431338197
3.7567,800,Air,2.0,ORC_R245fa,Toluène,32.36755306586622,109.1882788824795,237.83651686828517,236.30724853793942,225.34043183306233,22.959031963436267,32.327294296391116,41.95059095531328,141.51557317887062,9.583037889447066
3.7567,800,Air,5.0,ORC_R245fa,Toluène,32.36755306586622,109.1882788824795,237.83651686828517,236.30724853793942,225.34043183306233,24.82209472710638,34.844262967290305,42.69671606923817,144.0325418497698,10.329163003371955
3.7567,850,Air,1.0,ORC_R245fa,Toluène,34.37395012611498,122.80965107007574,243.95287997872572,242.38197300239278,231.65619435021327,21.359026416050547,31.23976538569251,43.117840593702034,154.04941645576827,8.743890467587057
3.7567,850,Air,2.0,ORC_R245fa,Toluène,34.37395012611498,122.80965107007574,243.95287997872572,242.38197300239278,231.65619435021327,23.342507894496105,33.77413780305259,43.827201709186575,156.58378887312833,9.453251583071598
3.7567,850,Air,5.0,ORC_R245fa,Toluène,34.37395012611498,122.80965107007574,243.95287997872572,242.38197300239278,231.65619435021327,25.238401831332897,36.39412653899734,44.560526503741684,159.2037776090731,10.18657637762671
3.7567,900,Air,1.0,ORC_R245fa,Toluène,36.16414918992051,136.43968638878755,250.11825304826266,248.50537377859348,238.03013476110274,21.699521342566044,32.609574878134595,44.80751067898398,169.04926126692214,8.643361489063473
3.7567,900,Air,2.0,ORC_R245fa,Toluène,36.16414918992051,136.43968638878755,250.11825304826266,248.50537377859348,238.03013476110274,23.714089710433907,35.24861085750774,45.507002838498806,171.6882972462953,9.342853648578298
3.7567,900,Air,5.0,ORC_R245fa,Toluène,36.16414918992051,136.43968638878755,250.11825304826266,248.50537377859348,238.03013476110274,25.642368368271956,37.97486814850725,46.22961352466582,174.4145545372948,10.065464334745316
3.7567,950,Air,1.0,ORC_R245fa,Toluène,37.7698609729186,150.07609529192786,256.32909381055913,254.6739327150542,244.4588770400365,22.02812524290533,34.00313779706229,46.32747825860177,184.07923308899015,8.557617285683172
3.7567,950,Air,2.0,ORC_R245fa,Toluène,37.7698609729186,150.07609529192786,256.32909381055913,254.6739327150542,244.4588770400365,24.07316599927769,36.75040102458327,47.01888584058635,186.8264963165111,9.24902486766775
3.7567,950,Air,5.0,ORC_R245fa,Toluène,37.7698609729186,150.07609529192786,256.32909381055913,254.6739327150542,244.4588770400365,26.033276935626144,39.58639762996238,47.732625075982085,189.66249292189025,9.962764103063487
3.7567,1000,Air,1.0,ORC_R245fa,Toluène,39.217020788538804,163.71707203166625,262.58201349319404,260.88428410925496,250.9391924567998,22.34430300411606,35.420050168339976,47.70159009181954,199.13712220000622,8.484569303280736
3.7567,1000,Air,2.0,ORC_R245fa,Toluène,39.217020788538804,163.71707203166625,262.58201349319404,260.88428410925496,250.9391924567998,24.419080310499815,38.27935371601414,48.386511739136765,201.9964257476804,9.169490950597957
3.7567,1000,Air,5.0,ORC_R245fa,Toluène,39.217020788538804,163.71707203166625,262.58201349319404,260.88428410925496,250.9391924567998,26.410349179909314,41.22881741234159,49.093030476972125,204.94588944400783,9.876009688433317
4.4373,600,Air,1.0,ORC_R245fa,Toluène,18.550555628946956,50.7851942946923,232.82308613585207,231.32794796810134,220.16905175746965,20.708200341657427,28.801393453103433,29.070981096706227,79.58658774779573,10.520425467759273
4.4373,600,Air,2.0,ORC_R245fa,Toluène,18.550555628946956,50.7851942946923,232.82308613585207,231.32794796810134,220.16905175746965,22.63366733251321,31.153140264348234,29.93001512528638,81.93833455904054,11.379459496339425
4.4373,600,Air,5.0,ORC_R245fa,Toluène,18.550555628946956,50.7851942946923,232.82308613585207,231.32794796810134,220.16905175746965,24.469336613613084,33.58731181296467,30.819156839719646,84.37250610765697,12.268601210772692
4.4373,650,Air,1.0,ORC_R245fa,Toluène,22.31952559663531,65.73995214855432,238.46432848280887,236.9307861705082,225.98836964356863,21.043912697232482,30.03173062707231,32.51566901529061,95.77168277562663,10.196143418655307
4.4373,650,Air,2.0,ORC_R245fa,Toluène,22.31952559663531,65.73995214855432,238.46432848280887,236.9307861705082,225.98836964356863,22.99907477133005,32.47507721371538,33.34521535506888,98.2150293622697,11.025689758433572
4.4373,650,Air,5.0,ORC_R245fa,Toluène,22.31952559663531,65.73995214855432,238.46432848280887,236.9307861705082,225.98836964356863,24.8655380191662,35.00251601984535,34.20331204184276,100.74246816839968,11.883786445207445
4.4373,700,Air,1.0,ORC_R245fa,Toluène,25.59347132170555,80.72579061329151,244.167948654283,242.59557754505215,231.87840996061627,21.371143807530757,31.28732134252466,35.512868275633274,112.01311195581617,9.919396953927723
4.4373,700,Air,2.0,ORC_R245fa,Toluène,25.59347132170555,80.72579061329151,244.167948654283,242.59557754505215,231.87840996061627,23.355722939376648,33.82530073893037,36.317514503356854,114.55109135222187,10.724043181651306
4.4373,700,Air,5.0,ORC_R245fa,Toluène,25.59347132170555,80.72579061329151,244.167948654283,242.59557754505215,231.87840996061627,25.252758921926798,36.44895429710921,37.14932304421102,117.17474491040072,11.555851722505473
4.4373,750,Air,1.0,ORC_R245fa,Toluène,28.4605332539277,95.73655684999113,249.93065730752232,248.31905514199104,237.83607969801804,21.689371042607743,32.567696107001694,38.14224762255155,128.30425295699283,9.681714368623851
4.4373,750,Air,2.0,ORC_R245fa,Toluène,28.4605332539277,95.73655684999113,249.93065730752232,248.31905514199104,237.83607969801804,23.703005440828353,35.20350788372753,38.92582091149009,130.94006473371866,10.465287657562394
4.4373,750,Air,5.0,ORC_R245fa,Toluène,28.4605332539277,95.73655684999113,249.93065730752232,248.31905514199104,237.83607969801804,25.630309870236882,37.92649371668859,39.73530927621573,133.66305056667971,11.27477602228803
4.4373,800,Air,1.0,ORC_R245fa,Toluène,30.989358591122183,110.76699225144256,255.74898937860291,254.09777748667557,243.85808589500027,21.998045805211262,33.87239539811883,40.46586224980946,144.6393876495614,9.47650365868728
4.4373,800,Air,2.0,ORC_R245fa,Toluène,30.989358591122183,110.76699225144256,255.74898937860291,254.09777748667557,243.85808589500027,24.04027841909829,36.609424961862146,41.23160291768645,147.3764172133047,10.242244326564265
4.4373,800,Air,5.0,ORC_R245fa,Toluène,30.989358591122183,110.76699225144256,255.74898937860291,254.09777748667557,243.85808589500027,25.99745198785277,39.43505084472772,42.02213023948738,150.20204309617029,11.032771648365197
4.4373,850,Air,1.0,ORC_R245fa,Toluène,33.234210645053444,125.81269635938799,261.61941961436116,259.9282433249698,249.94106404962625,22.296591282214393,35.20101106243387,42.532777883657005,161.01370742182186,9.298567238603567
4.4373,850,Air,2.0,ORC_R245fa,Toluène,33.234210645053444,125.81269635938799,261.61941961436116,259.9282433249698,249.94106404962625,24.366856424739737,38.04285458822809,43.28346862544619,163.85555094761608,10.04925798039275
4.4373,850,Air,5.0,ORC_R245fa,Toluène,33.234210645053444,125.81269635938799,261.61941961436116,259.9282433249698,249.94106404962625,26.35339095250438,40.97464442247824,44.05791924718764,166.78734078186622,10.823708602134197
4.4373,900,Air,1.0,ORC_R245fa,Toluène,35.23853874264066,140.87005023197895,267.53844772667765,265.80697619782654,256.0816662923822,22.584394734617376,36.55322237449866,44.38230024972445,177.4232726064776,9.143761507083797
4.4373,900,Air,2.0,ORC_R245fa,Toluène,35.23853874264066,140.87005023197895,267.53844772667765,265.80697619782654,256.0816662923822,24.682001850531314,39.503717734629724,45.120364479038955,180.37376796660868,9.881825736398298
4.4373,900,Air,5.0,ORC_R245fa,Toluène,35.23853874264066,140.87005023197895,267.53844772667765,265.80697619782654,256.0816662923822,26.6972635697039,42.54544343270588,45.881249909828774,183.41549366468485,10.642711167188118
4.4373,950,Air,1.0,ORC_R245fa,Toluène,37.037531797611365,155.93612524674012,273.5026662559021,271.7305918427154,262.2766288174965,22.860794564857578,37.92883080198076,46.04628634151043,193.86495604872087,9.00875454389906
4.4373,950,Air,2.0,ORC_R245fa,Toluène,37.037531797611365,155.93612524674012,273.5026662559021,271.7305918427154,262.2766288174965,24.98490800494975,40.99209526694808,46.7738647319969,196.9282205136882,9.736332934385533
4.4373,950,Air,5.0,ORC_R245fa,Toluène,37.037531797611365,155.93612524674012,273.5026662559021,271.7305918427154,262.2766288174965,27.028116855346298,44.14781541555841,47.52340294941494,200.08394066229852,10.485871151803572
4.4373,1000,Air,1.0,ORC_R245fa,Toluène,38.65997776479556,171.0085871136048,279.50881532936694,277.69585257935296,268.52281588791067,23.12506146048858,39.32779277373142,47.55082716501253,210.3363798873362,8.890849400216966
4.4373,1000,Air,2.0,ORC_R245fa,Toluène,38.65997776479556,171.0085871136048,279.50881532936694,277.69585257935296,268.52281588791067,25.274674813924058,42.508268223716655,48.26983848633421,213.51685533732143,9.609860721538649
4.4373,1000,Air,5.0,ORC_R245fa,Toluène,38.65997776479556,171.0085871136048,279.50881532936694,277.69585257935296,268.52281588791067,27.344878324022076,45.78237425324135,49.010016909169316,216.79096136684615,10.350039144373756
4.8853,600,Air,1.0,ORC_R245fa,Toluène,16.774714727352766,47.32597801887448,244.27448203169604,242.70138567030017,231.98848696971265,21.377139682559807,31.31088409188317,27.872872028889695,78.63686211075765,11.09815730153693
4.8853,600,Air,2.0,ORC_R245fa,Toluène,16.774714727352766,47.32597801887448,244.27448203169604,242.70138567030017,231.98848696971265,23.362262187498267,33.85065133953225,28.77309370072067,81.17662935840673,11.998378973367904
4.8853,600,Air,5.0,ORC_R245fa,Toluène,16.774714727352766,47.32597801887448,244.27448203169604,242.70138567030017,231.98848696971265,25.259863556312705,36.47612135024663,29.703692756431447,83.80209936912111,12.928978029078683
4.8853,650,Air,1.0,ORC_R245fa,Toluène,20.77508122813366,63.06404054366294,249.77987202799,248.1692963703298,237.68010773156908,21.68120290158761,32.53404393829343,31.492716820000815,95.59808448195636,10.717635591867156
4.8853,650,Air,2.0,ORC_R245fa,Toluène,20.77508122813366,63.06404054366294,249.77987202799,248.1692963703298,237.68010773156908,23.694086038098312,35.16726601971529,32.360174758972846,98.23130656337824,11.585093530839188
4.8853,650,Air,5.0,ORC_R245fa,Toluène,20.77508122813366,63.06404054366294,249.77987202799,248.1692963703298,237.68010773156908,25.620606881563273,37.887624104771014,33.25633776564721,100.95166464843396,12.481256537513548
4.8853,700,Air,1.0,ORC_R245fa,Toluène,24.250908240418,78.83746185390856,255.34688253956415,253.69840808882816,243.44168037747755,21.977121671964532,33.78183999602858,34.64241860454264,112.61930184993714,10.39151036412464
4.8853,700,Air,2.0,ORC_R245fa,Toluène,24.250908240418,78.83746185390856,255.34688253956415,253.69840808882816,243.44168037747755,24.017403059345458,36.51179144377661,35.48216915590887,115.34925329768518,11.231260915490871
4.8853,700,Air,5.0,ORC_R245fa,Toluène,24.250908240418,78.83746185390856,255.34688253956415,253.69840808882816,243.44168037747755,25.972536093172167,39.33024371755039,36.3491431282311,118.16770557145895,12.098234887813097
4.8853,750,Air,1.0,ORC_R245fa,Toluène,27.295564166168074,94.63941308034254,260.97236269729274,259.2855914069861,249.27022925366637,22.2643222393276,35.05396059479835,37.40570326732006,129.6933736751409,10.110139101151983
4.8853,750,Air,2.0,ORC_R245fa,Toluène,27.295564166168074,94.63941308034254,260.97236269729274,259.2855914069861,249.27022925366637,24.33154052882293,37.88411182113853,38.22196545538907,132.52352490148107,10.926401289220994
4.8853,750,Air,5.0,ORC_R245fa,Toluène,27.295564166168074,94.63941308034254,260.97236269729274,259.2855914069861,249.27022925366637,26.314879538918994,40.804064462738,39.064127849436126,135.44347754308052,11.768563683268052
4.8853,800,Air,1.0,ORC_R245fa,Toluène,29.981761674833223,110.46401900634629,266.6529684368479,264.92752502601616,255.16257178911707,22.542189693042108,36.35011928226032,39.84778522689932,146.8141382886066,9.866023552066094
4.8853,800,Air,2.0,ORC_R245fa,Toluène,29.981761674833223,110.46401900634629,266.6529684368479,264.92752502601616,255.16257178911707,24.635769326756428,39.284160657614,40.64413258100835,149.7481796639603,10.662370906175124
4.8853,800,Air,5.0,ORC_R245fa,Toluène,29.981761674833223,110.46401900634629,266.6529684368479,264.92752502601616,255.16257178911707,26.64679346603615,42.30924483144938,41.46519045634268,152.77326383779567,11.483428781509458
4.8853,850,Air,1.0,ORC_R245fa,Toluène,32.366973003995895,126.30633254099388,272.385280074255,270.62081254228315,261.11543766016433,22.810062058457966,37.670096814029854,42.02022618702131,163.97642935502373,9.653253183025418
4.8853,850,Air,2.0,ORC_R245fa,Toluène,32.366973003995895,126.30633254099388,272.385280074255,270.62081254228315,261.11543766016433,24.929295071069536,40.71196926468598,42.79972949070587,167.01830180567987,10.432756486709982
4.8853,850,Air,5.0,ORC_R245fa,Toluène,32.366973003995895,126.30633254099388,272.385280074255,270.62081254228315,261.11543766016433,26.9673502015879,43.84607259840731,43.60286767034835,170.1524051394012,11.235894666352465
4.8853,900,Air,1.0,ORC_R245fa,Toluène,34.49721716407347,142.16226304212205,278.1659044373847,276.36208388351145,267.12556264010385,23.067218642022556,39.013780869336856,43.96433482413995,181.17604391145892,9.467117660066476
4.8853,900,Air,2.0,ORC_R245fa,Toluène,34.49721716407347,142.16226304212205,278.1659044373847,276.36208388351145,267.12556264010385,25.21124228370329,42.16771360860433,44.72967085846541,184.3299766507264,10.23245369439194
4.8853,900,Air,5.0,ORC_R245fa,Toluène,34.49721716407347,142.16226304212205,278.1659044373847,276.36208388351145,267.12556264010385,27.275518162390846,45.41501882813421,45.5176647392533,187.57728187025626,11.020447575179832
4.8853,950,Air,1.0,ORC_R245fa,Toluène,36.409764627249956,158.02848107754863,283.9915335966566,282.1480536396649,273.1897536672221,23.312860486592015,40.38120250228347,45.713594344830796,198.40968357983212,9.303829717580841
4.8853,950,Air,2.0,ORC_R245fa,Toluène,36.409764627249956,158.02848107754863,283.9915335966566,282.1480536396649,273.1897536672221,25.480629002939846,43.65175840012921,46.467130477234626,201.68023947767784,10.057365849984667
4.8853,950,Air,5.0,ORC_R245fa,Toluène,36.409764627249956,158.02848107754863,283.9915335966566,282.1480536396649,273.1897536672221,27.570130685545713,47.0167895634754,47.24243371235635,205.04527064102405,10.832669085106394
4.8853,1000,Air,1.0,ORC_R245fa,Toluène,38.13510758058866,173.90231590727365,289.8589818003629,287.9755577468237,279.30493398443633,23.546082872545053,41.77257033288718,47.29543103718807,215.67488624016082,9.160323456599407
4.8853,1000,Air,2.0,ORC_R245fa,Toluène,38.13510758058866,173.90231590727365,289.8589818003629,287.9755577468237,279.30493398443633,25.73633153333538,45.16469902075185,48.03929227770137,219.0670149280255,9.904184697112706
4.8853,1000,Air,5.0,ORC_R245fa,Toluène,38.13510758058866,173.90231590727365,289.8589818003629,287.9755577468237,279.30493398443633,27.84984319080791,48.65237533614566,48.80410619521546,222.5546912434193,10.668998614626796
5.0,600,Air,1.0,ORC_R245fa,Toluène,16.32231205781522,46.36977783753446,247.09732526543837,245.50501170454606,234.90605591290992,21.534464094366953,31.936703854517418,27.564135303936272,78.30648169205188,11.241823246121049
5.0,600,Air,2.0,ORC_R245fa,Toluène,16.32231205781522,46.36977783753446,247.09732526543837,245.50501170454606,234.90605591290992,23.533900036108786,34.52412543045462,28.474916083079567,80.89390326798907,12.152604025264344
5.0,600,Air,5.0,ORC_R245fa,Toluène,16.32231205781522,46.36977783753446,247.09732526543837,245.50501170454606,234.90605591290992,25.44640382618109,37.19799547649258,29.41612700383038,83.56777331402704,13.093814946015156
5.0,650,Air,1.0,ORC_R245fa,Toluène,20.379234635421206,62.293883740791046,252.57039023123139,250.94081743466893,240.56736188912427,21.830987341831264,33.15813757015488,31.22680786472169,95.45202131094592,10.847573229300483
5.0,650,Air,2.0,ORC_R245fa,Toluène,20.379234635421206,62.293883740791046,252.57039023123139,250.94081743466893,240.56736188912427,23.85769224718926,35.83955562099533,32.10402476519805,98.13343936178637,11.72479012977684
5.0,650,Air,5.0,ORC_R245fa,Toluène,20.379234635421206,62.293883740791046,252.57039023123139,250.94081743466893,240.56736188912427,25.798638096311116,38.60880395663303,33.00997504806275,100.90268769742408,12.630740412641545
5.0,700,Air,1.0,ORC_R245fa,Toluène,23.904366888243374,78.25441689846554,258.104886748165,256.4376365055409,246.29842611270945,22.119416734619094,34.40410775590027,34.41378535757742,112.6585246543658,10.509418469334038
5.0,700,Air,2.0,ORC_R245fa,Toluène,23.904366888243374,78.25441689846554,258.104886748165,256.4376365055409,246.29842611270945,24.17300284532661,37.18286394149851,35.26261166011956,115.43728083996405,11.358244771876189
5.0,700,Air,5.0,ORC_R245fa,Toluène,23.904366888243374,78.25441689846554,258.104886748165,256.4376365055409,246.29842611270945,26.142057519246887,40.05076796971088,36.13866994293329,118.30518486817641,12.234303054689919
5.0,750,Air,1.0,ORC_R245fa,Toluène,26.992368268998934,94.24438406456545,263.6976961368558,261.99237146895575,252.09630296225112,22.399163035922406,35.67434425340357,37.20979445731402,129.91872831796903,10.217426188315082
5.0,750,Air,2.0,ORC_R245fa,Toluène,26.992368268998934,94.24438406456545,263.6976961368558,261.99237146895575,252.09630296225112,24.479138957730946,38.5539846541142,38.03454719934497,132.79836871867965,11.042178930346036
5.0,750,Air,5.0,ORC_R245fa,Toluène,26.992368268998934,94.24438406456545,263.6976961368558,261.99237146895575,252.09630296225112,26.47586546998274,41.524030542082336,38.88519281796283,135.76841460664778,11.892824548963898
5.0,800,Air,1.0,ORC_R245fa,Toluène,29.716953019856245,110.25775952453546,269.3455025034194,267.60172900479165,257.95783567907245,22.669591315631422,36.96860593529128,39.68082613432999,147.22636545982675,9.963873114473747
5.0,800,Air,2.0,ORC_R245fa,Toluène,29.716953019856245,110.25775952453546,269.3455025034194,267.60172900479165,257.95783567907245,24.775345600314537,39.952906494157986,40.48516244487544,150.21066601869344,10.768209425019194
5.0,800,Air,5.0,ORC_R245fa,Toluène,29.716953019856245,110.25775952453546,269.3455025034194,267.60172900479165,257.95783567907245,26.799186334472573,43.02881544529892,41.31418928333636,153.28657496983436,11.597236263480115
5.0,850,Air,1.0,ORC_R245fa,Toluène,32.13638393888855,126.28946155715681,275.04491707448267,273.2623434095839,263.879778401728,22.93001417187199,38.28672393862771,41.87905640801706,164.57618549578453,9.742672469128511
5.0,850,Air,2.0,ORC_R245fa,Toluène,32.13638393888855,126.28946155715681,275.04491707448267,273.2623434095839,263.879778401728,25.060795633727718,41.37972272011258,42.66611967631142,167.66918427726938,10.529735737422873
5.0,850,Air,5.0,ORC_R245fa,Toluène,32.13638393888855,126.28946155715681,275.04491707448267,273.2623434095839,263.879778401728,27.111052210633126,44.56548410374583,43.47678788013291,170.85494566090264,11.340403941244364
5.0,900,Air,1.0,ORC_R245fa,Toluène,34.297311661505866,142.33528203019506,280.79257394624096,278.9708716937457,269.8588868251346,23.179678238428448,39.62864123369716,43.84628532234269,181.9639232638922,9.548973660836824
5.0,900,Air,2.0,ORC_R245fa,Toluène,34.297311661505866,142.33528203019506,280.79257394624096,278.9708716937457,269.8588868251346,25.334571626469643,42.834677984015634,44.61881648998802,185.1699600142107,10.321504828482158
5.0,900,Air,5.0,ORC_R245fa,Toluène,34.297311661505866,142.33528203019506,280.79257394624096,278.9708716937457,269.8588868251346,27.410380163025238,46.134589775952655,45.41396792095602,188.46987180614772,11.116656259450153
5.0,950,Air,1.0,ORC_R245fa,Toluène,36.2375183060256,158.39179137100018,286.58518559796744,284.7240487171557,275.891985837983,23.41774261768155,40.994449961229414,45.61639531762487,199.3862413322296,9.378877011599268
5.0,950,Air,2.0,ORC_R245fa,Toluène,36.2375183060256,158.39179137100018,286.58518559796744,284.7240487171557,275.891985837983,25.59563789691962,44.318213406730514,46.376819438462846,202.7100047777307,10.139301132437245
5.0,950,Air,5.0,ORC_R245fa,Toluène,36.2375183060256,158.39179137100018,286.58518559796744,284.7240487171557,275.891985837983,27.695937967693208,47.736930292033186,47.15896739349227,206.12872166303336,10.921449087466668
5.0,1000,Air,1.0,ORC_R245fa,Toluène,37.987914505266005,174.45623482802932,292.4195835067027,290.51872752735414,281.97601354884495,23.643249149538573,42.384424905891066,47.217139882433024,216.8406597339204,9.229225377167023
5.0,1000,Air,2.0,ORC_R245fa,Toluène,37.987914505266005,174.45623482802932,292.4195835067027,290.51872752735414,281.97601354884495,25.842802434308247,45.831007351527454,47.96763458048293,220.28724217955678,9.979720075216925
5.0,1000,Air,5.0,ORC_R245fa,Toluène,37.987914505266005,174.45623482802932,292.4195835067027,290.51872752735414,281.97601354884495,27.966297924413684,49.37359590159527,48.739034645949026,223.8298307296246,10.751120140683025
